state,state_fips,year,total_18_64,uninsured_18_64,uninsured_rate
Alabama,01,2009,2867716,567010,19.772181066744405
Alaska,02,2009,443727,117660,26.516303943641024
Arizona,04,2009,3917641,907815,23.172490792290564
Arkansas,05,2009,1734882,436402,25.15456382624294
California,06,2009,22929836,5595750,24.403794253042193
Colorado,08,2009,3188289,648050,20.325949121927152
Connecticut,09,2009,2190066,271531,12.398302151624655
Delaware,10,2009,541392,77056,14.232940272482786
District of Columbia,11,2009,409934,37704,9.197578146726059
Florida,12,2009,11023718,3154849,28.618738251468333
Georgia,13,2009,6043511,1543494,25.53969042167707
Hawaii,15,2009,762990,77343,10.136830102622577
Idaho,16,2009,923984,216149,23.393153994008554
Illinois,17,2009,8033971,1532929,19.080589163192148
Indiana,18,2009,3949279,757861,19.189857186590263
Iowa,19,2009,1835246,222138,12.103990418723159
Kansas,20,2009,1713993,303036,17.680118880298814
Kentucky,21,2009,2666222,545995,20.478227244393
Louisiana,22,2009,2744515,685395,24.973264857360956
Maine,23,2009,833819,121425,14.562512967442576
Maryland,24,2009,3574339,550622,15.404862269639224
Massachusetts,25,2009,4223602,249362,5.90401273604852
Michigan,26,2009,6203210,1089952,17.5707738412854
Minnesota,27,2009,3311931,387582,11.70259887660703
Mississippi,28,2009,1759049,434937,24.725689847184473
Missouri,29,2009,3663823,672042,18.34264373579182
Montana,30,2009,602897,145471,24.12866542709617
Nebraska,31,2009,1091175,181015,16.588998098380188
Nevada,32,2009,1625303,444593,27.354468674456395
New Hampshire,33,2009,850768,120083,14.114658755383372
New Jersey,34,2009,5412778,938410,17.336938629295346
New Mexico,35,2009,1203374,327676,27.229772290243933
New York,36,2009,12337913,1963484,15.914231199393287
North Carolina,37,2009,5738729,1277744,22.265278600888802
North Dakota,38,2009,400561,52571,13.12434310878992
Ohio,39,2009,7122021,1203518,16.898546072807143
Oklahoma,40,2009,2198149,565950,25.746662305421513
Oregon,41,2009,2405905,548271,22.788555657850164
Pennsylvania,42,2009,7758208,1063788,13.711774677863753
Rhode Island,44,2009,665845,103629,15.563532053255638
South Carolina,45,2009,2777503,640264,23.051784282501224
South Dakota,46,2009,489603,88766,18.130199365608462
Tennessee,47,2009,3899384,792764,20.330493226622462
Texas,48,2009,14974882,4618585,30.842212980376072
Utah,49,2009,1641565,310195,18.896297131091366
Vermont,50,2009,403446,49118,12.174615685866263
Virginia,51,2009,4882465,779499,15.965275736743633
Washington,53,2009,4195352,763535,18.19954559236031
West Virginia,54,2009,1134314,232423,20.490181730984542
Wisconsin,55,2009,3537397,452815,12.800796744046542
Wyoming,56,2009,341002,69128,20.2720218649744
Alabama,01,2010,2931536,617715,21.071376916401505
Alaska,02,2010,449435,112823,25.103296360986572
Arizona,04,2010,3804683,847427,22.273261662009684
Arkansas,05,2010,1753433,453132,25.84256142093824
California,06,2010,23349907,5920568,25.3558525950446
Colorado,08,2010,3194530,661959,20.721639803038318
Connecticut,09,2010,2220078,291429,13.126971214524897
Delaware,10,2010,553769,74594,13.470237590042059
District of Columbia,11,2010,426175,41936,9.840089165249017
Florida,12,2010,11335279,3388214,29.890874322546452
Georgia,13,2010,6024027,1620031,26.892824351550882
Hawaii,15,2010,818181,89591,10.950022061133172
Idaho,16,2010,930312,230075,24.73095047682928
Illinois,17,2010,8001743,1585311,19.812070945042848
Indiana,18,2010,3982366,801546,20.127381561614378
Iowa,19,2010,1854816,249528,13.45297862429481
Kansas,20,2010,1718527,328132,19.093793696578523
Kentucky,21,2010,2667980,584468,21.90676092024678
Louisiana,22,2010,2788424,725715,26.02599174300608
Maine,23,2010,836479,121908,14.573946267628953
Maryland,24,2010,3650938,565952,15.501550560431317
Massachusetts,25,2010,4199533,261580,6.228787819979031
Michigan,26,2010,6106494,1108287,18.149317759093844
Minnesota,27,2010,3314300,389946,11.765561355338985
Mississippi,28,2010,1781118,463248,26.00883265454619
Missouri,29,2010,3662511,682422,18.632626632384174
Montana,30,2010,611451,140991,23.058429866007252
Nebraska,31,2010,1108279,181214,16.350936903072242
Nevada,32,2010,1682011,481603,28.632571368439326
New Hampshire,33,2010,844551,130544,15.457207439219184
New Jersey,34,2010,5483966,1006001,18.344406219878095
New Mexico,35,2010,1245292,342047,27.46721250919463
New York,36,2010,12307934,2041505,16.586902399704126
North Carolina,37,2010,5881141,1386077,23.568164748983232
North Dakota,38,2010,418542,54626,13.051497818617964
Ohio,39,2010,7082834,1229561,17.359731994283646
Oklahoma,40,2010,2256812,598119,26.502827882871944
Oregon,41,2010,2408752,572019,23.747525689651734
Pennsylvania,42,2010,7841082,1118912,14.269867347389045
Rhode Island,44,2010,668429,112422,16.818839398051253
South Carolina,45,2010,2841495,689816,24.27651641125534
South Dakota,46,2010,485843,81919,16.86120825040188
Tennessee,47,2010,3933031,813827,20.69210743571561
Texas,48,2010,15366701,4825406,31.40170424348076
Utah,49,2010,1633509,325683,19.937631197624256
Vermont,50,2010,402516,47134,11.709845074481512
Virginia,51,2010,5002902,888769,17.7650691538631
Washington,53,2010,4245070,837974,19.739933617113497
West Virginia,54,2010,1148249,247454,21.55055218859324
Wisconsin,55,2010,3530109,459967,13.02982429154454
Wyoming,56,2010,350985,71603,20.400586919668932
Alabama,01,2011,2944024,612682,20.811039583916436
Alaska,02,2011,454580,117488,25.845395749923007
Arizona,04,2011,3845434,876902,22.803719944224763
Arkansas,05,2011,1763728,451451,25.596407155751905
California,06,2011,23607468,5906415,25.01926509018248
Colorado,08,2011,3238825,640336,19.770626693322424
Connecticut,09,2011,2227298,281302,12.629742405371891
Delaware,10,2011,557777,73942,13.256552349774193
District of Columbia,11,2011,435158,37374,8.588604598789406
Florida,12,2011,11468487,3388306,29.54449004476353
Georgia,13,2011,6088938,1634800,26.84868855619814
Hawaii,15,2011,823708,80979,9.8310323561262
Idaho,16,2011,938531,219444,23.38164642403927
Illinois,17,2011,8014095,1526413,19.04660476323278
Indiana,18,2011,4004670,797672,19.918545098597388
Iowa,19,2011,1861411,235687,12.661738863689964
Kansas,20,2011,1728449,305051,17.64882851620152
Kentucky,21,2011,2690030,553972,20.593524979275323
Louisiana,22,2011,2805080,716142,25.53018095740585
Maine,23,2011,834021,125625,15.062570366933207
Maryland,24,2011,3684538,528208,14.335800037888061
Massachusetts,25,2011,4223139,249282,5.902765691586282
Michigan,26,2011,6122753,1050220,17.152741585362012
Minnesota,27,2011,3340333,385642,11.545016619600501
Mississippi,28,2011,1788212,453929,25.384518166749803
Missouri,29,2011,3671075,708933,19.31131889160532
Montana,30,2011,614806,152921,24.87304938468395
Nebraska,31,2011,1117300,179782,16.090754497449208
Nevada,32,2011,1688466,473575,28.04764798343585
New Hampshire,33,2011,847734,125947,14.856900867489095
New Jersey,34,2011,5506938,1015216,18.43521753831258
New Mexico,35,2011,1252249,354069,28.27464825286345
New York,36,2011,12374574,1982986,16.024680930430414
North Carolina,37,2011,5939488,1365214,22.98538190497228
North Dakota,38,2011,426165,55703,13.070758978329987
Ohio,39,2011,7101086,1189278,16.7478326554558
Oklahoma,40,2011,2277736,591263,25.95836391926018
Oregon,41,2011,2428380,537019,22.114290185226366
Pennsylvania,42,2011,7883366,1104456,14.009954631054805
Rhode Island,44,2011,670434,102690,15.31694394974002
South Carolina,45,2011,2862576,672992,23.51001335859729
South Dakota,46,2011,491514,83395,16.966963301147068
Tennessee,47,2011,3962855,833572,21.034632859390516
Texas,48,2011,15623903,4824280,30.87755985172207
Utah,49,2011,1657744,326866,19.717519713538397
Vermont,50,2011,404163,37971,9.39497183067228
Virginia,51,2011,5055962,865862,17.125563839285185
Washington,53,2011,4297899,849330,19.761516033764405
West Virginia,54,2011,1148554,254549,22.162562665751892
Wisconsin,55,2011,3549651,444909,12.533880091310385
Wyoming,56,2011,354598,73899,20.840219064969347
Alabama,01,2012,2937335,585091,19.91911035002817
Alaska,02,2012,460946,118818,25.77698906162544
Arizona,04,2012,3866694,905320,23.413282768173534
Arkansas,05,2012,1761365,432449,24.55192421786512
California,06,2012,23798381,5901869,24.799455895760303
Colorado,08,2012,3270163,639004,19.54043269402779
Delaware,10,2012,561217,71580,12.75442475905042
District of Columbia,11,2012,442390,34557,7.811433350663442
Connecticut,09,2012,2233159,287077,12.855197502730437
Florida,12,2012,11578613,3332786,28.783983021109695
Georgia,13,2012,6117277,1561266,25.52223808076698
Idaho,16,2012,944959,217945,23.063963621702104
Hawaii,15,2012,833610,79981,9.594534614507984
Illinois,17,2012,8006505,1501494,18.75342612038586
Indiana,18,2012,3998258,782017,19.558942919641503
Iowa,19,2012,1862753,224733,12.064562505066426
Kansas,20,2012,1729836,305904,17.683988539954075
Kentucky,21,2012,2685735,537832,20.025505122433895
Louisiana,22,2012,2804831,696596,24.83557832896171
Maine,23,2012,830767,122103,14.697622799172331
Maryland,24,2012,3708246,537043,14.482399495610593
Massachusetts,25,2012,4246935,230866,5.436061536143125
Michigan,26,2012,6104749,1019623,16.702128130083647
Minnesota,27,2012,3344084,353988,10.58549964653998
Mississippi,28,2012,1783844,441612,24.756200654317308
Missouri,29,2012,3661457,699830,19.113429435331344
Montana,30,2012,616796,153310,24.855868066589277
Nebraska,31,2012,1121006,176726,15.764946842389783
Nevada,32,2012,1705729,486535,28.523581412991163
New Hampshire,33,2012,844577,126941,15.030127507616239
New Jersey,34,2012,5520629,990888,17.948824309693695
New Mexico,35,2012,1246884,332057,26.63094562124464
New York,36,2012,12402577,1909529,15.39622773557463
North Carolina,37,2012,5966410,1401334,23.4870550297415
North Dakota,38,2012,436041,57666,13.224903162775977
Ohio,39,2012,7076483,1156364,16.34094224489764
Oklahoma,40,2012,2281244,587283,25.7439800389612
Oregon,41,2012,2428162,518552,21.355741503244015
Pennsylvania,42,2012,7867912,1075431,13.668569246834483
Rhode Island,44,2012,666700,103742,15.560521973901306
South Carolina,45,2012,2868533,683224,23.817888795422608
South Dakota,46,2012,499064,81811,16.39288748537262
Tennessee,47,2012,3971009,793616,19.985248081784757
Texas,48,2012,15858474,4843493,30.541986574496388
Vermont,50,2012,401075,36397,9.07486131022876
Utah,49,2012,1677068,317679,18.942523499345285
Virginia,51,2012,5085461,885395,17.410319339780603
Washington,53,2012,4321655,845791,19.57099768491469
West Virginia,54,2012,1140973,247735,21.712608449104405
Wisconsin,55,2012,3542388,441709,12.469243911169528
Wyoming,56,2012,358028,73831,20.621571497201334
Mississippi,28,2013,1790746,442781,24.726063886223955
Missouri,29,2013,3666019,670830,18.29859583379137
Montana,30,2013,616125,141402,22.95021302495435
Nebraska,31,2013,1125425,181380,16.11657818157585
Nevada,32,2013,1719885,463537,26.95162757975097
New Hampshire,33,2013,842880,129771,15.396141799544418
New Jersey,34,2013,5528837,1028693,18.605956370209505
New Mexico,35,2013,1243353,334560,26.907885371250163
New York,36,2013,12439975,1871476,15.044049525823002
North Carolina,37,2013,6000202,1356819,22.612888699413787
North Dakota,38,2013,451304,60388,13.380781025650116
Ohio,39,2013,7072114,1107664,15.662417206509962
Oklahoma,40,2013,2295734,567024,24.6990287202263
Oregon,41,2013,2440752,518195,21.23095668875822
Pennsylvania,42,2013,7849516,1063229,13.545153612018881
Rhode Island,44,2013,668448,108369,16.212031451960364
South Carolina,45,2013,2893842,662340,22.887911641340473
South Dakota,46,2013,501769,79632,15.870251051778805
Tennessee,47,2013,3983560,796666,19.998845253993917
Texas,48,2013,16065579,4801933,29.88957322982259
Vermont,50,2013,397726,40764,10.249267083368952
Utah,49,2013,1701705,315132,18.518603400706937
Virginia,51,2013,5112923,877595,17.164252229106523
Washington,53,2013,4339199,857900,19.77093007257791
West Virginia,54,2013,1132703,234112,20.668436474521563
Wisconsin,55,2013,3544103,453981,12.809475345383586
Wyoming,56,2013,358526,68855,19.205022787747613
Alabama,01,2013,2945466,593425,20.147066712024515
Alaska,02,2013,459776,109445,23.803982809020045
Arizona,04,2013,3900900,917421,23.518188110436054
Arkansas,05,2013,1759900,424024,24.0936416841866
California,06,2013,23976518,5743547,23.95488369078446
Colorado,08,2013,3304940,622927,18.848360333319214
Delaware,10,2013,565138,72726,12.868715251849991
District of Columbia,11,2013,453153,39401,8.694855821323042
Connecticut,09,2013,2235695,294202,13.159308402979834
Florida,12,2013,11646895,3348787,28.752616040584204
Georgia,13,2013,6151890,1592629,25.88845054121579
Idaho,16,2013,946943,217465,22.964951427910655
Hawaii,15,2013,822542,79261,9.636103688322297
Illinois,17,2013,8010771,1470890,18.361403665140347
Indiana,18,2013,4008950,768940,19.180583444542833
Iowa,19,2013,1868852,216471,11.583100213393035
Kansas,20,2013,1730369,302572,17.485981313812257
Kentucky,21,2013,2687179,554504,20.635171680040667
Louisiana,22,2013,2825101,682349,24.153083376488134
Maine,23,2013,825507,131236,15.897624126748774
Maryland,24,2013,3722201,523097,14.053432364345719
Massachusetts,25,2013,4272843,222069,5.197218807243796
Michigan,26,2013,6096761,974008,15.97582716462069
Minnesota,27,2013,3357171,364258,10.850147341318033
Alabama,01,2014,2935367,532900,18.154459050605936
Alaska,02,2014,456278,99446,21.795046002656278
Arizona,04,2014,3944492,728386,18.46590131251375
Arkansas,05,2014,1762235,307576,17.453744818369856
California,06,2014,24264509,4193432,17.282163014302082
Colorado,08,2014,3356310,465925,13.882060953845146
Delaware,10,2014,567790,59478,10.475351802603075
District of Columbia,11,2014,461152,30954,6.712320449656513
Connecticut,09,2014,2233736,212229,9.501078014590803
Florida,12,2014,11813708,2812892,23.81040736744128
Georgia,13,2014,6200645,1368178,22.065091615469036
Idaho,16,2014,950894,183445,19.29184535815769
Hawaii,15,2014,836069,60085,7.186607803901353
Illinois,17,2014,7998369,1119046,13.990927400323741
Indiana,18,2014,4012497,658877,16.420622869001523
Iowa,19,2014,1872141,164460,8.784594750074914
Kansas,20,2014,1725164,249966,14.489405065257563
Kentucky,21,2014,2684670,320812,11.949774087690479
Louisiana,22,2014,2824652,609860,21.59062426097091
Maine,23,2014,822829,116691,14.181682949920335
Maryland,24,2014,3737434,410935,10.995110549109361
Massachusetts,25,2014,4303921,193217,4.4893249666989705
Michigan,26,2014,6087266,748333,12.293417110407201
Minnesota,27,2014,3370012,265377,7.8746603869659815
Mississippi,28,2014,1782144,383375,21.512010252819078
Missouri,29,2014,3669439,590745,16.099054923654542
Montana,30,2014,618551,124168,20.074011682141006
Nebraska,31,2014,1127803,153881,13.64431554092337
Nevada,32,2014,1747883,355882,20.360744969772004
New Hampshire,33,2014,843544,107927,12.794471894767788
New Jersey,34,2014,5551498,856903,15.435527491858956
New Mexico,35,2014,1238526,255917,20.663030085763236
New York,36,2014,12485670,1531914,12.269377614497259
North Carolina,37,2014,6045208,1148157,18.99284524204957
North Dakota,38,2014,458368,45025,9.822893395699525
Ohio,39,2014,7061137,819273,11.602564856056468
Oklahoma,40,2014,2305044,498386,21.62153954544902
Oregon,41,2014,2449627,340874,13.915343029775554
Pennsylvania,42,2014,7833859,915861,11.69105800857534
Rhode Island,44,2014,667555,69115,10.353454022514999
South Carolina,45,2014,2908636,578165,19.877530223788746
South Dakota,46,2014,503162,69426,13.797941815955895
Tennessee,47,2014,4001037,694875,17.367372508677125
Texas,48,2014,16366994,4204601,25.689512686324683
Vermont,50,2014,395850,27943,7.058986990021472
Utah,49,2014,1722815,278747,16.17974071505066
Virginia,51,2014,5129648,764219,14.89807877655543
Washington,53,2014,4382463,560535,12.7904103240575
West Virginia,54,2014,1118678,144429,12.910685648595932
Wisconsin,55,2014,3540472,357262,10.090801452461706
Wyoming,56,2014,359462,59981,16.68632567559297
Mississippi,28,2015,1773478,340728,19.212417633599063
Missouri,29,2015,3667679,498533,13.592601751680014
Montana,30,2015,618119,100941,16.33035062827708
Nebraska,31,2015,1130499,127951,11.31809935258678
Nevada,32,2015,1770634,290465,16.404575988035923
New Hampshire,33,2015,840967,75596,8.989175556234667
New Jersey,34,2015,5553122,679315,12.233028555828596
New Mexico,35,2015,1226223,198242,16.166879923146116
New York,36,2015,12481696,1253516,10.042833922569496
North Carolina,37,2015,6099130,996399,16.336739830106918
North Dakota,38,2015,468080,43584,9.311228849769272
Ohio,39,2015,7045089,622066,8.829781994237404
Oklahoma,40,2015,2313940,458388,19.80984813780824
Oregon,41,2015,2481134,246724,9.94400141225746
Pennsylvania,42,2015,7812487,680862,8.715048101840042
Rhode Island,44,2015,667050,51477,7.717112660220374
South Carolina,45,2015,2938107,475511,16.18426422182718
South Dakota,46,2015,504714,71572,14.180704319674112
Tennessee,47,2015,4017067,600727,14.954368448422692
Texas,48,2015,16657157,3873285,23.25297768400694
Vermont,50,2015,393856,22406,5.688881215469613
Utah,49,2015,1757716,242296,13.784706972002303
Virginia,51,2015,5133209,644682,12.559044449583098
Washington,53,2015,4440161,418445,9.424095207358473
West Virginia,54,2015,1109345,96912,8.735965817667182
Wisconsin,55,2015,3535927,273369,7.731183364362443
Wyoming,56,2015,357200,55394,15.507838745800672
Alabama,01,2015,2931080,448318,15.295317766829974
Alaska,02,2015,457079,85567,18.720396255351922
Arizona,04,2015,3992074,581692,14.571172778861314
Arkansas,05,2015,1759383,239884,13.634552567576247
California,06,2015,24451851,2952902,12.076394543709595
Colorado,08,2015,3416438,375168,10.981261770299945
Delaware,10,2015,570682,46357,8.12308781422929
District of Columbia,11,2015,469590,22614,4.815690283012842
Connecticut,09,2015,2232650,181812,8.143327436006539
Florida,12,2015,11988187,2325241,19.396102179587288
Georgia,13,2015,6254418,1210998,19.362281190671936
Idaho,16,2015,961905,155134,16.127788087181166
Hawaii,15,2015,831201,48071,5.7833183550067915
Illinois,17,2015,7958577,810187,10.180048518723888
Indiana,18,2015,4015170,517333,12.884460682860253
Iowa,19,2015,1876389,128392,6.842504406069318
Kansas,20,2015,1724059,222500,12.905590817947646
Kentucky,21,2015,2682955,216282,8.061335355978763
Louisiana,22,2015,2820771,503139,17.836931817577533
Maine,23,2015,816194,95706,11.725888698030126
Maryland,24,2015,3738785,327978,8.772315070270155
Massachusetts,25,2015,4328437,169825,3.9234716827344376
Michigan,26,2015,6073123,523682,8.622944076713084
Minnesota,27,2015,3376832,203390,6.0231009419479555
Mississippi,28,2016,1766560,312179,17.671576397065483
Missouri,29,2016,3653174,466927,12.78140597737748
Montana,30,2016,620433,72426,11.673460309171176
Nebraska,31,2016,1131791,135759,11.995059158448866
Nevada,32,2016,1791813,277884,15.508538000338204
New Hampshire,33,2016,839099,70776,8.43476157163815
New Jersey,34,2016,5525116,617691,11.179692878846344
New Mexico,35,2016,1220748,158900,13.016609488608625
New York,36,2016,12399261,1057074,8.525298402864493
North Carolina,37,2016,6138694,929236,15.137356577799773
North Dakota,38,2016,463456,38237,8.250405648001106
Ohio,39,2016,7018306,541645,7.717603079717527
Oklahoma,40,2016,2316676,456273,19.69515806267255
Oregon,41,2016,2509060,218953,8.726495181462381
Pennsylvania,42,2016,7772430,582107,7.489382342459179
Rhode Island,44,2016,665476,40640,6.106906935787316
South Carolina,45,2016,2951505,439521,14.891419801084533
South Dakota,46,2016,504919,64445,12.763433342773792
Tennessee,47,2016,4029585,534785,13.271465920187811
Texas,48,2016,16843883,3816473,22.65791682357328
Vermont,50,2016,389462,20983,5.387688657686757
Utah,49,2016,1789836,208853,11.668834463045776
Virginia,51,2016,5134008,615990,11.99822828480205
Washington,53,2016,4497648,380054,8.450061009665497
West Virginia,54,2016,1091444,87568,8.023132657287043
Wisconsin,55,2016,3522518,252268,7.161581573181457
Wyoming,56,2016,350428,53672,15.316127706690105
Alabama,01,2016,2921503,404855,13.857764308302952
Alaska,02,2016,457184,81387,17.801804087632114
Arizona,04,2016,4036165,554091,13.728155315751462
Arkansas,05,2016,1757516,204066,11.611046499718922
California,06,2016,24431848,2521235,10.319460893830053
Colorado,08,2016,3461702,353834,10.221388207303805
Delaware,10,2016,571596,45282,7.922028845548254
District of Columbia,11,2016,473878,22012,4.645077424991243
Connecticut,09,2016,2217434,148754,6.708384556203251
Florida,12,2016,12137388,2234427,18.40945514801043
Georgia,13,2016,6284159,1134011,18.045549133941392
Idaho,16,2016,974803,145700,14.94660972524705
Hawaii,15,2016,832435,40950,4.919303008643317
Illinois,17,2016,7892615,729815,9.246808567249259
Indiana,18,2016,4003711,432020,10.790489123715473
Iowa,19,2016,1875205,112350,5.9913449462858726
Kansas,20,2016,1718393,215770,12.556499008084879
Kentucky,21,2016,2679027,189249,7.064094538800841
Louisiana,22,2016,2807699,433797,15.45026728292456
Maine,23,2016,812942,94113,11.576840660219302
Maryland,24,2016,3721766,310249,8.336069489591768
Massachusetts,25,2016,4324702,154861,3.5808478826980448
Michigan,26,2016,6059622,459651,7.585473153275897
Minnesota,27,2016,3375664,180240,5.33939396812005
Mississippi,28,2017,1705865,312984,18.347524569646485
Missouri,29,2017,3561566,469272,13.176001792469942
Montana,30,2017,610502,72773,11.920190269646946
Nebraska,31,2017,1109152,129209,11.649350134156544
Nevada,32,2017,1788916,269150,15.045424156304712
New Hampshire,33,2017,821660,69718,8.485018134021372
New Jersey,34,2017,5431362,595436,10.962922375639849
New Mexico,35,2017,1186640,156958,13.227094990898673
New York,36,2017,12138390,973576,8.020635356089233
North Carolina,37,2017,6030609,950074,15.754196632545733
North Dakota,38,2017,447988,41473,9.2576140432333
Ohio,39,2017,6855594,551771,8.048478366717749
Oklahoma,40,2017,2248268,459030,20.41704992465311
Oregon,41,2017,2477138,245261,9.900982504809987
Pennsylvania,42,2017,7570498,557577,7.365129744436892
Rhode Island,44,2017,650045,43023,6.618464875508619
South Carolina,45,2017,2910554,478090,16.426082457154205
South Dakota,46,2017,491664,63015,12.816679683686418
Tennessee,47,2017,3970871,554489,13.963913710619154
Texas,48,2017,16685368,3919977,23.493500413056516
Vermont,50,2017,376724,25640,6.806043681846657
Utah,49,2017,1773582,207440,11.696104268085715
Virginia,51,2017,5029841,616098,12.248856375380454
Washington,53,2017,4461995,392436,8.795079331106377
West Virginia,54,2017,1045864,97825,9.353510590287073
Wisconsin,55,2017,3434358,253109,7.369907272334451
Wyoming,56,2017,334831,55589,16.602106734442152
Alabama,01,2017,2841107,409792,14.423673589203082
Alaska,02,2017,440283,78092,17.736773847729754
Arizona,04,2017,3989659,552075,13.837648781512405
Arkansas,05,2017,1717192,197155,11.481243798014432
California,06,2017,24069284,2438383,10.130683571642596
Colorado,08,2017,3421064,350903,10.257130530150855
Delaware,10,2017,559655,41996,7.503908658012525
District of Columbia,11,2017,468689,23946,5.109144870052423
Connecticut,09,2017,2164155,165397,7.64256719135182
Florida,12,2017,12081518,2301959,19.053557673795627
Georgia,13,2017,6198581,1165279,18.799125154612
Idaho,16,2017,964996,149739,15.517059138068968
Hawaii,15,2017,802826,44503,5.543293316359958
Illinois,17,2017,7669234,751802,9.802830373933043
Indiana,18,2017,3910354,424934,10.866893381008472
Iowa,19,2017,1825767,120075,6.576688043983707
Kansas,20,2017,1671821,208627,12.479027359986505
Kentucky,21,2017,2607164,192671,7.390060617590607
Louisiana,22,2017,2729961,343373,12.57794525269775
Maine,23,2017,790011,93127,11.788063710505297
Maryland,24,2017,3659877,303845,8.302054959770507
Massachusetts,25,2017,4235243,163857,3.8688925287167706
Michigan,26,2017,5913860,433147,7.324268751712079
Minnesota,27,2017,3317065,192986,5.817974625158084
Alabama,01,2018,2835053,438189,15.45611316613834
Alaska,02,2018,434047,71317,16.430709116754638
Arizona,04,2018,4071893,594104,14.590363744823353
Arkansas,05,2018,1722857,207235,12.028566503197887
California,06,2018,23975809,2468117,10.29419695493904
Colorado,08,2018,3465417,352842,10.18180496026885
Delaware,10,2018,560194,45257,8.078808412799852
District of Columbia,11,2018,471920,19009,4.028013222580099
Connecticut,09,2018,2142660,162746,7.595512120448415
Florida,12,2018,12216233,2338615,19.143503566115676
Georgia,13,2018,6238581,1181480,18.9382809969126
Idaho,16,2018,987771,163093,16.511215656260408
Hawaii,15,2018,792376,46448,5.8618635597241715
Illinois,17,2018,7610628,754754,9.91710539524465
Indiana,18,2018,3916240,429704,10.972361244458972
Iowa,19,2018,1816562,124812,6.8707811789523285
Kansas,20,2018,1664412,210169,12.627222106065084
Kentucky,21,2018,2612594,205249,7.856138382006542
Louisiana,22,2018,2696699,319734,11.856495663772634
Maine,23,2018,791558,91304,11.534720134216318
Maryland,24,2018,3614811,301999,8.354489349512326
Massachusetts,25,2018,4256789,167178,3.9273264425368515
Michigan,26,2018,5912762,451451,7.635196546047346
Minnesota,27,2018,3319098,196375,5.916517077832592
Wisconsin,55,2018,3429012,259429,7.565706973320594
Wyoming,56,2018,330764,49028,14.822653009396427
Mississippi,28,2018,1702571,317522,18.64955998898137
Missouri,29,2018,3563548,478561,13.429340645895607
Montana,30,2018,607555,70329,11.575742113882693
Nebraska,31,2018,1106720,130456,11.78762469278589
Nevada,32,2018,1805979,272178,15.070939363082294
New Hampshire,33,2018,822707,68927,8.378073846460527
New Jersey,34,2018,5344092,561302,10.503224869631737
New Mexico,35,2018,1186832,166014,13.987994931043316
New York,36,2018,11879398,910537,7.664841265525409
North Carolina,37,2018,6088356,952993,15.65271478868844
North Dakota,38,2018,447813,42314,9.449033413500725
Ohio,39,2018,6840199,602244,8.804480688354243
Oklahoma,40,2018,2249488,460776,20.483594489057065
Oregon,41,2018,2498361,256028,10.247838482909396
Pennsylvania,42,2018,7529481,567311,7.534529936392695
Rhode Island,44,2018,646561,37030,5.727224500085839
South Carolina,45,2018,2931158,464442,15.84500050833152
South Dakota,46,2018,499538,70847,14.182504634282076
Tennessee,47,2018,3992463,587202,14.707763102626123
Texas,48,2018,16903213,4062007,24.03097564942239
Vermont,50,2018,374662,21885,5.841264926787344
Utah,49,2018,1805828,219616,12.161512613604396
Virginia,51,2018,5016132,615925,12.278883410564156
Washington,53,2018,4528688,423560,9.352819182951
West Virginia,54,2018,1036946,99570,9.602235796270971
Illinois,17,2019,7525174,786561,10.452396183795882
Georgia,13,2019,6265771,1186256,18.932322933602265
Idaho,16,2019,1006189,166451,16.54271712372129
Hawaii,15,2019,778070,46112,5.926459058953565
Indiana,18,2019,3920002,454749,11.600733877176593
Iowa,19,2019,1815087,131744,7.258274672233342
Kansas,20,2019,1652156,216631,13.11201847767402
Kentucky,21,2019,2594796,235356,9.070308417309105
Louisiana,22,2019,2668199,349203,13.08759204242262
Maine,23,2019,788302,91594,11.619151036024265
Maryland,24,2019,3597998,299865,8.33421808461261
Massachusetts,25,2019,4238020,177270,4.1828495382277575
Michigan,26,2019,5869012,488009,8.315011112602939
Minnesota,27,2019,3310523,227567,6.874049810256566
Connecticut,09,2019,2132251,176514,8.278293690564572
Florida,12,2019,12249102,2391683,19.525374186613842
Alabama,01,2019,2833283,424986,14.999772348897022
Alaska,02,2019,426835,67583,15.833518807033162
Arizona,04,2019,4126688,637088,15.438240060794516
Arkansas,05,2019,1714037,224799,13.115177793711572
California,06,2019,23853893,2611825,10.949260986456173
Colorado,08,2019,3503859,375952,10.729655502690035
Delaware,10,2019,555236,51796,9.328645837085492
District of Columbia,11,2019,473010,21000,4.439652438637661
Mississippi,28,2019,1686473,329643,19.546295730794387
Missouri,29,2019,3551930,503814,14.184232234306418
Montana,30,2019,608703,71605,11.763536568737134
Nebraska,31,2019,1101127,129061,11.72080967953742
Nevada,32,2019,1824973,283393,15.528613300032385
New Hampshire,33,2019,821002,73378,8.93761525550486
New Jersey,34,2019,5298118,589142,11.119835383054888
New Mexico,35,2019,1184202,173007,14.60958518901336
New York,36,2019,11747956,880352,7.493661024947659
North Carolina,37,2019,6114454,1003728,16.415660335330024
North Dakota,38,2019,443254,36227,8.172966290208324
Ohio,39,2019,6805339,617231,9.069805339601746
Oklahoma,40,2019,2250687,462236,20.537551423187676
Oregon,41,2019,2503675,257084,10.268265649495243
Pennsylvania,42,2019,7480670,587744,7.8568363528935246
Rhode Island,44,2019,642936,37674,5.859681212437941
South Carolina,45,2019,2949479,474507,16.08782432422811
South Dakota,46,2019,493709,70308,14.240777462027227
Tennessee,47,2019,4007815,595524,14.85906909375807
Texas,48,2019,17052965,4173748,24.47520416537535
Vermont,50,2019,371655,24953,6.714022413259609
Utah,49,2019,1834209,221826,12.09382355009707
Virginia,51,2019,4996695,549752,11.002312528581392
Washington,53,2019,4552682,433219,9.515687675967705
West Virginia,54,2019,1022840,102616,10.032458644558288
Wisconsin,55,2019,3413423,274836,8.05162442510055
Wyoming,56,2019,329365,54698,16.60710761617051
Alabama,01,2021,2900204,436700,15.05756146808983
Arizona,04,2021,4136609,609774,14.740914599373545
Arkansas,05,2021,1719631,227834,13.249005164480055
California,06,2021,23573539,2324024,9.858613083084386
Colorado,08,2021,3532075,387907,10.982411188890383
Connecticut,09,2021,2151561,160276,7.44928914402148
Delaware,10,2021,568241,47365,8.335371787674596
District of Columbia,11,2021,442448,18811,4.251573066213431
Florida,12,2021,12395282,2217438,17.889371133307012
Georgia,13,2021,6357365,1151647,18.115162492636493
Hawaii,15,2021,784852,43450,5.5360755913216755
Idaho,16,2021,1070954,129412,12.083805653650858
Illinois,17,2021,7481719,763603,10.20625072927759
Indiana,18,2021,3944818,397800,10.084115414196548
Iowa,19,2021,1820963,123514,6.782894545358692
Kansas,20,2021,1659729,224258,13.511723901914108
Kentucky,21,2021,2605525,205281,7.878680880052964
Louisiana,22,2021,2631601,294920,11.206866086462195
Maine,23,2021,803834,66129,8.226698547212484
Maryland,24,2021,3638099,298684,8.209892034273944
Massachusetts,25,2021,4265516,148983,3.492731008393826
Michigan,26,2021,5885859,419561,7.128288326308869
Minnesota,27,2021,3336386,204775,6.137629159215989
Mississippi,28,2021,1664011,295358,17.749762471522125
Missouri,29,2021,3548922,481072,13.555440215366806
Montana,30,2021,626780,70655,11.272695363604454
Nebraska,31,2021,1113311,111316,9.998643685367341
Nevada,32,2021,1858348,291972,15.711373757767651
New Hampshire,33,2021,838470,58512,6.978424988371677
New Jersey,34,2021,5507827,565885,10.274197065376237
New Mexico,35,2021,1186060,170754,14.396742154697066
New York,36,2021,11856473,875494,7.384101494601303
North Carolina,37,2021,6131437,931374,15.190142212991834
North Dakota,38,2021,443111,44536,10.050754777019753
Ohio,39,2021,6813230,608499,8.93113838810667
Oklahoma,40,2021,2263511,457813,20.22579081789309
Oregon,41,2021,2514819,219117,8.71303262779548
Pennsylvania,42,2021,7530526,562906,7.474989130905331
Rhode Island,44,2021,660406,39663,6.005850946236103
South Carolina,45,2021,2958492,443511,14.991117096142222
South Dakota,46,2021,493889,65537,13.269580816742224
Tennessee,47,2021,4086193,598786,14.653884434729344
Texas,48,2021,17373420,4223347,24.3092436607185
Utah,49,2021,1928371,217360,11.271689939332214
Vermont,50,2021,383070,20788,5.42668441799149
Virginia,51,2021,5027688,473741,9.422641182189508
Washington,53,2021,4620069,423526,9.167092526107295
West Virginia,54,2021,1013740,93046,9.17848758064198
Wisconsin,55,2021,3444474,253939,7.372359321045825
Wyoming,56,2021,328305,53216,16.209317555322034
Alaska,02,2021,418339,63344,15.141786924001826
Alabama,01,2022,2916064,396513,13.59754106905747
Alaska,02,2022,418442,60202,14.387179107259787
Arizona,04,2022,4206665,594797,14.139395459348439
Arkansas,05,2022,1728354,205888,11.91237443255259
California,06,2022,23477300,2136668,9.100995429627769
Colorado,08,2022,3560553,340041,9.550229978320782
Connecticut,09,2022,2156769,155021,7.187649674119018
Delaware,10,2022,574650,47778,8.31427825632994
District of Columbia,11,2022,441913,17024,3.8523419768144405
Florida,12,2022,12672391,2059102,16.248725280020164
Georgia,13,2022,6445824,1071222,16.61885276420827
Hawaii,15,2022,782944,37775,4.824738423182246
Idaho,16,2022,1096006,126097,11.505137745596283
Illinois,17,2022,7433633,697601,9.384388494831532
Indiana,18,2022,3954766,372459,9.417978206548757
Iowa,19,2022,1828074,111544,6.101722359160515
Kansas,20,2022,1657703,206935,12.483237347100175
Kentucky,21,2022,2599012,198751,7.647175157329015
Louisiana,22,2022,2615711,268761,10.274873638563282
Maine,23,2022,805195,77359,9.607486385285553
Maryland,24,2022,3627388,298648,8.233141864063066
Massachusetts,25,2022,4255270,138514,3.2551165965966904
Michigan,26,2022,5858108,385023,6.572480398108057
Minnesota,27,2022,3334664,205233,6.154533110382335
Mississippi,28,2022,1653780,270661,16.366203485348716
Missouri,29,2022,3552805,431872,12.155803653732756
Montana,30,2022,635153,73422,11.559734426193375
Nebraska,31,2022,1110453,103077,9.282427982093793
Nevada,32,2022,1880248,287817,15.307395620152237
New Hampshire,33,2022,837307,57512,6.8686873512343745
New Jersey,34,2022,5484095,527161,9.612543181691784
New Mexico,35,2022,1191031,148517,12.469616659851843
New York,36,2022,11767983,803657,6.829182197153072
North Carolina,37,2022,6217037,842882,13.557615951135565
North Dakota,38,2022,448374,37301,8.319171049168775
Ohio,39,2022,6784974,549335,8.096346426677538
Oklahoma,40,2022,2277825,381898,16.76590607267898
Oregon,41,2022,2507769,221534,8.83390774828144
Pennsylvania,42,2022,7528115,524364,6.9654090034490705
Rhode Island,44,2022,657030,39799,6.0574098595193515
South Carolina,45,2022,3005248,408521,13.593586951892156
South Dakota,46,2022,498967,56849,11.393338637625334
Tennessee,47,2022,4140306,553784,13.375436501553267
Texas,48,2022,17731264,3975412,22.420353111881926
Utah,49,2022,1968052,208130,10.5754319499688
Vermont,50,2022,379740,21371,5.627797967030073
Virginia,51,2022,5038561,449150,8.91425150950837
Washington,53,2022,4648020,410419,8.829974914049425
West Virginia,54,2022,999164,91224,9.13003270734334
Wisconsin,55,2022,3429007,240398,7.010717680074727
Wyoming,56,2022,326649,54158,16.579876258613986
Alabama,01,2023,2915850,376536,12.913421472297959
Alaska,02,2023,417880,58937,14.103809706135733
Arizona,04,2023,4218627,569929,13.50982203451502
Arkansas,05,2023,1736591,215913,12.433152077835254
California,06,2023,23332291,2106484,9.028191873656985
Colorado,08,2023,3568881,328470,9.203725201260564
Connecticut,09,2023,2127972,173333,8.145454921399342
Delaware,10,2023,575578,53382,9.274503195049151
District of Columbia,11,2023,448540,15828,3.5287822713693315
Florida,12,2023,12813163,1984235,15.48591085589093
Georgia,13,2023,6483978,1044157,16.10364809997813
Hawaii,15,2023,770029,33692,4.375419627053008
Idaho,16,2023,1106959,137221,12.396213409891423
Illinois,17,2023,7371115,651877,8.843668834362237
Indiana,18,2023,3948367,360145,9.121365871004393
Iowa,19,2023,1826280,130497,7.145508903344504
Kansas,20,2023,1650054,195711,11.860884552869178
Kentucky,21,2023,2597082,201049,7.741342013844769
Louisiana,22,2023,2577730,256899,9.966094199159725
Maine,23,2023,807958,69170,8.561088571435644
Maryland,24,2023,3607951,306026,8.481988807497663
Massachusetts,25,2023,4238979,149527,3.527429600382545
Michigan,26,2023,5799261,373692,6.443786544526967
Minnesota,27,2023,3318370,188648,5.684959784472497
Mississippi,28,2023,1655996,251033,15.159034200565703
Missouri,29,2023,3546993,376269,10.608112279894549
Montana,30,2023,641183,76423,11.919062108633574
Nebraska,31,2023,1118183,98828,8.838267081506336
Nevada,32,2023,1881609,275306,14.631413859096124
New Hampshire,33,2023,835901,55945,6.6927782117738825
New Jersey,34,2023,5467356,554972,10.150646857457241
New Mexico,35,2023,1181176,156534,13.252385757922614
New York,36,2023,11630235,791987,6.809724824992788
North Carolina,37,2023,6285478,837681,13.327244165042021
North Dakota,38,2023,446162,27018,6.05564794850301
Ohio,39,2023,6743408,566165,8.395828933975224
Oklahoma,40,2023,2283480,368745,16.148378790267486
Oregon,41,2023,2501416,200574,8.018418367836459
Pennsylvania,42,2023,7455902,529825,7.106115396903018
Rhode Island,44,2023,654150,39652,6.061606665137965
South Carolina,45,2023,3044285,400471,13.154845883351921
South Dakota,46,2023,505231,57219,11.325314559082875
Tennessee,47,2023,4166839,554244,13.301305857989714
Texas,48,2023,17966785,3894690,21.677167061330117
Utah,49,2023,1991520,202124,10.14923274684663
Vermont,50,2023,377635,18817,4.982853813867889
Virginia,51,2023,5025873,439127,8.737327823444803
Washington,53,2023,4637738,413785,8.922129710647733
West Virginia,54,2023,989014,90391,9.13950661972429
Wisconsin,55,2023,3418822,225192,6.58683020057786
Wyoming,56,2023,327457,51087,15.60113236241705
